,Species,Emissions 0-80 km [Gg]
0,BC (Launch),0.6010558460241344
1,NOx (Launch),0.5178958073475679
2,H2O,35.98530956387973
3,CO,2.90107140215811
4,CO2,76.6802755692947
5,Al2O3 (Launch),1.6280506881652062
6,HCl (Launch),0.7080055373490282
7,Cl (Launch),0.08608943268238436
8,Cl2,0.2829990308412993
9,NOx (Reentry),2.110551258133332
10,Al2O3 (Reentry),1.0462730793966668
11,Total Emis,122.54757721527214
12,Total Prop,80.18630491134336
13,Surviving Mass,1.4875e-06
