,Species,Emissions 0-80 km [Gg]
0,BC (Launch),0.4863330901294196
1,NOx (Launch),0.5033545107546832
2,H2O,33.04386549289425
3,CO,2.3266751790553406
4,CO2,64.22628229818989
5,Al2O3 (Launch),1.4003743890041578
6,HCl (Launch),0.6001591020428462
7,Cl (Launch),0.0779180216552069
8,Cl2,0.24838951815117594
9,NOx (Reentry),1.896271873999999
10,Al2O3 (Reentry),0.9483180185499995
11,Total Emis,105.75794149442696
12,Total Prop,72.60492164463952
13,Surviving Mass,2.8e-07
