,Species,Emissions 0-80 km [Gg]
0,BC (Launch),0.23470541401708309
1,NOx (Launch),0.3303225133240618
2,H2O,19.98001794630829
3,CO,1.0583244147696464
4,CO2,32.41457843543488
5,Al2O3 (Launch),1.242102565845509
6,HCl (Launch),0.5343817370465118
7,Cl (Launch),0.06819626878263872
8,Cl2,0.2191783979650768
9,NOx (Reentry),1.378361549000001
10,Al2O3 (Reentry),0.7611461785499997
11,Total Emis,58.22131542104369
12,Total Prop,42.28532996992659
13,Surviving Mass,5.679999999999998e-11
