,Species,Emissions 0-80 km [Gg]
0,BC (Launch),0.33731024572951873
1,NOx (Launch),0.22789137224369838
2,H2O,17.71876069818274
3,CO,1.7035384936650433
4,CO2,42.99229730553918
5,Al2O3 (Launch),0.296184
6,HCl (Launch),0.12533354688934192
7,Cl (Launch),0.0171896694290901
8,Cl2,0.05342769389910846
9,NOx (Reentry),0.7041870432000004
10,Al2O3 (Reentry),0.25739473319999995
11,Total Emis,64.43351480197772
12,Total Prop,40.820780574572204
13,Surviving Mass,1.4875e-06
